-- MySQL dump 10.13  Distrib 8.0.46, for Win64 (x86_64)
--
-- Host: 127.0.0.1    Database: brontoburger
-- ------------------------------------------------------
-- Server version	8.4.9

/*!40101 SET @OLD_CHARACTER_SET_CLIENT=@@CHARACTER_SET_CLIENT */;
/*!40101 SET @OLD_CHARACTER_SET_RESULTS=@@CHARACTER_SET_RESULTS */;
/*!40101 SET @OLD_COLLATION_CONNECTION=@@COLLATION_CONNECTION */;
/*!50503 SET NAMES utf8 */;
/*!40103 SET @OLD_TIME_ZONE=@@TIME_ZONE */;
/*!40103 SET TIME_ZONE='+00:00' */;
/*!40014 SET @OLD_UNIQUE_CHECKS=@@UNIQUE_CHECKS, UNIQUE_CHECKS=0 */;
/*!40014 SET @OLD_FOREIGN_KEY_CHECKS=@@FOREIGN_KEY_CHECKS, FOREIGN_KEY_CHECKS=0 */;
/*!40101 SET @OLD_SQL_MODE=@@SQL_MODE, SQL_MODE='NO_AUTO_VALUE_ON_ZERO' */;
/*!40111 SET @OLD_SQL_NOTES=@@SQL_NOTES, SQL_NOTES=0 */;

--
-- Table structure for table `categories`
--

DROP TABLE IF EXISTS `categories`;
/*!40101 SET @saved_cs_client     = @@character_set_client */;
/*!50503 SET character_set_client = utf8mb4 */;
CREATE TABLE `categories` (
  `id` bigint unsigned NOT NULL AUTO_INCREMENT,
  `slug` varchar(255) NOT NULL,
  `label` varchar(50) NOT NULL,
  `description` text NOT NULL,
  `image` varchar(255) NOT NULL,
  PRIMARY KEY (`id`),
  UNIQUE KEY `categories_slug_unique` (`slug`),
  UNIQUE KEY `categories_label_unique` (`label`)
) ENGINE=InnoDB AUTO_INCREMENT=9 DEFAULT CHARSET=utf8mb4 COLLATE=utf8mb4_0900_ai_ci;
/*!40101 SET character_set_client = @saved_cs_client */;

--
-- Dumping data for table `categories`
--

LOCK TABLES `categories` WRITE;
/*!40000 ALTER TABLE `categories` DISABLE KEYS */;
INSERT INTO `categories` VALUES (1,"burgers","Burgers","Selezione di burger con polpette di carne, verdure fresche e salse.",""),(2,"bites","Bites","Bocconcini e nuggets di carne, ideali come spuntino o da condividere.",""),(3,"wraps","Wraps","Piadine farcite con ingredienti freschi, carne e salse a scelta.",""),(4,"sides","Sides","Contorni per accompagnare il pasto: patatine, anelli di cipolla e altro.",""),(5,"sauces","Sauces","Salse artigianali disponibili in vari gusti, dalla delicata alla piccante.",""),(6,"drinks","Drinks","Bevande fredde e calde: bibite, succhi, milkshake e molto altro.",""),(7,"desserts","Desserts","Dolci e sfizi zuccherati per concludere il pasto.",""),(8,"menus","Menus","Combinazioni complete con burger, contorno e bevanda a prezzo fisso.","");
/*!40000 ALTER TABLE `categories` ENABLE KEYS */;
UNLOCK TABLES;

--
-- Table structure for table `category_product`
--

DROP TABLE IF EXISTS `category_product`;
/*!40101 SET @saved_cs_client     = @@character_set_client */;
/*!50503 SET character_set_client = utf8mb4 */;
CREATE TABLE `category_product` (
  `product_id` bigint unsigned NOT NULL,
  `category_id` bigint unsigned NOT NULL,
  PRIMARY KEY (`product_id`,`category_id`),
  KEY `category_product_category_id_foreign` (`category_id`),
  CONSTRAINT `category_product_category_id_foreign` FOREIGN KEY (`category_id`) REFERENCES `categories` (`id`) ON DELETE CASCADE,
  CONSTRAINT `category_product_product_id_foreign` FOREIGN KEY (`product_id`) REFERENCES `products` (`id`) ON DELETE CASCADE
) ENGINE=InnoDB DEFAULT CHARSET=utf8mb4 COLLATE=utf8mb4_0900_ai_ci;
/*!40101 SET character_set_client = @saved_cs_client */;

--
-- Dumping data for table `category_product`
--

LOCK TABLES `category_product` WRITE;
/*!40000 ALTER TABLE `category_product` DISABLE KEYS */;
INSERT INTO `category_product` VALUES (1,1),(2,1),(3,1),(4,1),(5,1),(6,2),(7,2),(8,2),(9,2),(10,2),(11,3),(12,3),(13,3),(14,3),(15,3),(16,4),(17,4),(18,4),(19,4),(20,4),(21,5),(22,5),(23,5),(24,5),(25,5),(26,6),(27,6),(28,6),(29,6),(30,6),(31,7),(32,7),(33,7),(34,7),(35,7),(36,8),(37,8),(38,8),(39,8),(40,8);
/*!40000 ALTER TABLE `category_product` ENABLE KEYS */;
UNLOCK TABLES;

--
-- Table structure for table `products`
--

DROP TABLE IF EXISTS `products`;
/*!40101 SET @saved_cs_client     = @@character_set_client */;
/*!50503 SET character_set_client = utf8mb4 */;
CREATE TABLE `products` (
  `id` bigint unsigned NOT NULL AUTO_INCREMENT,
  `name` varchar(150) NOT NULL,
  `description` text NOT NULL,
  `image` varchar(255) NOT NULL,
  `price` decimal(4,2) NOT NULL,
  `geological_era` varchar(255) NOT NULL,
  `slug` varchar(255) NOT NULL,
  `created_at` timestamp NOT NULL DEFAULT CURRENT_TIMESTAMP,
  `updated_at` timestamp NOT NULL DEFAULT CURRENT_TIMESTAMP ON UPDATE CURRENT_TIMESTAMP,
  PRIMARY KEY (`id`),
  UNIQUE KEY `products_name_unique` (`name`),
  UNIQUE KEY `products_slug_unique` (`slug`)
) ENGINE=InnoDB AUTO_INCREMENT=41 DEFAULT CHARSET=utf8mb4 COLLATE=utf8mb4_0900_ai_ci;
/*!40101 SET character_set_client = @saved_cs_client */;

--
-- Dumping data for table `products`
--

LOCK TABLES `products` WRITE;
/*!40000 ALTER TABLE `products` DISABLE KEYS */;
INSERT INTO `products` VALUES (1,"T-Rex Prime Burger","Una carne di dinosauro dal sapore profondo e opulento, con note rotonde di selvatico e un finale ferino che ricorda il cuore del Late Jurassic. Ogni morso è un’esplorazione della fibra succosa, con una trama carnosa che parla di bestie preistoriche e territori primordiali. Questo burger mantiene l’equilibrio tra consumabilità e carattere primordiale, restando intenso e memorabile fino all’ultimo morso, come un viaggio nella carne antica.","",11.90,"Late Jurassic","t-rex-prime-burger","2026-06-10 21:11:05","2026-06-10 21:11:05"),(2,"Raptor Double Smash","Carne di dinosauro schiacciata doppia, con un gusto intenso e fulminante che sprigiona note affumicate, selvatiche e leggermente speziate. Il sapore è agile ma imponente, evocando la forza di un raptor in caccia e la texture succosa di una carne vera e primordiale. La consistenza a strati amplifica i toni minerali e terrosi, per un’esperienza carnivora che resta al palato e racconta un’avventura giurassica.","",12.45,"Late Jurassic","raptor-double-smash","2026-06-10 21:11:05","2026-06-10 21:11:05"),(3,"Stego Crunch Burger","La carne di dinosauro qui è croccante al bordo e densa al centro, con un profilo gustativo terroso, affumicato e pieno. Il sapore richiama la natura dura del Cretaceo, equilibrato tra una succosità carnosa e una profondità minerale molto avvincente. Ogni morso fonde consistenza robusta e calore primordiale, offrendo il piacere strutturato di una carne antica resa moderna dal contrasto croccante‑morbido.","",13.00,"Late Jurassic","stego-crunch-burger","2026-06-10 21:11:05","2026-06-10 21:11:05"),(4,"Bronto Tower Burger","Una carne di dinosauro dal sapore ampio e mastodontico, con una succosità che avvolge il palato e un retrogusto che ricorda praterie antiche. Questo burger è un concentrato di forza giurassica, dal carattere pieno e deciso, dove la fibra è sanguigna e intensa e l’esperienza gustativa resta lunga e avvolgente. È pensato per chi cerca un sapore primordiale senza compromessi, con un impatto che resta nel tempo.","",13.55,"Late Jurassic","bronto-tower-burger","2026-06-10 21:11:05","2026-06-10 21:11:05"),(5,"Cretaceous Classic Burger","Carne di dinosauro dal profilo gustativo elegante e robusto, con note erbacee, minerali e una persistenza piena che richiama il Cretaceo. Il morso è sapido, caldo e ricco, pensato per chi cerca una vera esperienza carnivora preistorica. L’equilibrio tra succo naturale e dolcezza animale rende questo burger austero e raffinato, come un classico giurassico reinterpretato in chiave contemporanea e studiato per restare memorabile.","",14.10,"Late Jurassic","cretaceous-classic-burger","2026-06-10 21:11:05","2026-06-10 21:11:05"),(6,"Raptor Crispy Bites","Un sapore paleontologico bellissimo, croccante e sapido con un tocco speziato che evoca un paesaggio mesozoico. Ogni morso è un’esplosione di carattere antico e piacevole, con una consistenza perfettamente bilanciata che mantiene l’energia del tempo primordiale. Questo snack è studiato per chi ama un profilo vivo, interessante e con un richiamo autentico alla storia dei climi antichi.","",6.90,"Early Cretaceous","raptor-crispy-bites","2026-06-10 21:11:05","2026-06-10 21:11:05"),(7,"Triassic Chicken Nuggets","Un gusto paleontologico interessante e dolce, con un cuore morbido che richiama fragranze antiche e una croccantezza perfetta. Questi nuggets hanno un sapore che sembra raccontare storie di fossili e terre lontane, con un richiamo di erbe selvatiche e una texture generosa che invita a un consumo rilassato. La loro sequenza di aromi seduce chi cerca un profilo diverso dal solito, personale e memorabile.","",7.45,"Early Cretaceous","triassic-chicken-nuggets","2026-06-10 21:11:05","2026-06-10 21:11:05"),(8,"Compsognathus Mini Bites","Piccoli bocconcini dal sapore paleontologico delicato, con un profilo aromatico gentile e una texture armoniosa. Il gusto è fresco e affascinante, come un frammento di giungla antica che racconta un percorso di foglie umide e spezie leggere. Ogni mini morso è studiato per essere appagante e interessante, con una presenza dolce e salata che resta ben definita.","",8.00,"Early Cretaceous","compsognathus-mini-bites","2026-06-10 21:11:05","2026-06-10 21:11:05"),(9,"Meteor Pop Bites","Un gusto paleontologico esplosivo, croccante e sapido, con una sequenza di aromi che rimanda a meteoriti di sapore. Ogni pezzo è interessante e sorprendente, con una profondità che si sviluppa tra note tostate e un’eco speziata capace di evocare il vento preistorico. Questo snack è pensato per chi vuole un’esperienza avvolgente, lunga e diversa dal solito.","",8.55,"Early Cretaceous","meteor-pop-bites","2026-06-10 21:11:05","2026-06-10 21:11:05"),(10,"Jurassic Pepper Bites","Note pepate e selvagge si uniscono a un carattere paleontologico deciso, con un finale intenso e profondo. Queste bites raccontano una storia di territori antichi e sapori forti, con una punta piccante ben calibrata che si appoggia su una base minerale e rustica. La combinazione di aromi ricorda i cieli aperti e le steppe di un’era remota, restando persistente e intrigante.","",9.10,"Early Cretaceous","jurassic-pepper-bites","2026-06-10 21:11:05","2026-06-10 21:11:05"),(11,"Ptero Fresh Wrap","Un sapore paleontologico fresco e verde, con note vegetali che richiamano brezze giurassiche e una chiusura cremosa che avvolge senza appesantire. Il risultato è bello e avvolgente, con un equilibrio gentile e interessante che rimane al palato. Questo wrap punta sulla naturalezza antica delle verdure e sulla delicatezza del condimento, per un’esperienza leggera ma profonda.","",8.40,"Middle Jurassic","ptero-fresh-wrap","2026-06-10 21:11:05","2026-06-10 21:11:05"),(12,"Savanna Smoke Wrap","Un gusto paleontologico affumicato e terroso, con una sensazione calda che richiama una savana antica e un fondo erbaceo che ne allunga la persistenza. Il profilo è bello e intrigante, perfetto per chi ama i sapori profondi e desidera una costruzione gustativa intensa ma equilibrata. Il wrap unisce materia e aroma in un’esperienza che sa di legno, terra e avventure preistoriche.","",8.95,"Middle Jurassic","savanna-smoke-wrap","2026-06-10 21:11:05","2026-06-10 21:11:05"),(13,"Fossil Ranch Wrap","Un sapore paleontologico ricco e cremoso, con una profondità che ricorda un ranch preistorico e un equilibrio morbido tra affumicato, verde e dolcezza naturale. Questa combinazione crea un’esperienza lunga e appagante, dove gli aromi si evolvono lentamente e il gusto rimane avvolgente. È un wrap costruito per chi vuole un profilo pieno e ben sfaccettato.","",9.50,"Middle Jurassic","fossil-ranch-wrap","2026-06-10 21:11:05","2026-06-10 21:11:05"),(14,"Volcanic Spicy Wrap","Un profilo paleontologico vulcanico e speziato, con una scarica di calore che risveglia i sensi e una base aromatica profonda che rimane al palato. Il gusto è bello e potente, con un carattere unico e sorprendente, come un’eruzione di spezie antiche che avvolge il wrap. Questa proposta è pensata per chi cerca un’esperienza intensa, calda e memorabile.","",10.05,"Middle Jurassic","volcanic-spicy-wrap","2026-06-10 21:11:05","2026-06-10 21:11:05"),(15,"Herbivore Balance Wrap","Un sapore paleontologico equilibrato e fresco, con note erbacee e una morbidezza gentile che raccontano un paesaggio verde e primordiale. È bello e raffinato, pensato per chi cerca un profilo naturale e armonioso, con una costruzione gustativa che valorizza ingredienti in sintonia. Questo wrap punta sulla leggerezza antica ma mantiene una profondità sorprendente.","",10.60,"Middle Jurassic","herbivore-balance-wrap","2026-06-10 21:11:05","2026-06-10 21:11:05"),(16,"Lava Fries","Queste patatine hanno un sapore paleontologico sorprendente, con una croccantezza calda e un retrogusto leggermente fumé. Il profilo è bello e minerale, come lava antica che si solidifica in sapore, e la sensazione croccante apre una sequenza gustativa che rimane lunga e avvolgente. È un contorno pensato per chi cerca un tono rustico, con un richiamo antico ma moderno al tempo stesso.","",4.50,"Late Cretaceous","lava-fries","2026-06-10 21:11:05","2026-06-10 21:11:05"),(17,"Dino Onion Rings","Il sapore paleontologico è dolce e rotondo, con una croccantezza avvolgente e una nota leggermente affumicata che richiama una foresta antica. Ogni anello racconta un’idea di fossile gustoso e ben bilanciato, con una componente soffice all’interno che contrasta perfettamente con l’esterno croccante. È un accompagnamento studiato per aggiungere profondità e comfort al piatto.","",5.05,"Late Cretaceous","dino-onion-rings","2026-06-10 21:11:05","2026-06-10 21:11:05"),(18,"Canyon Potato Wedges","Queste wedges esprimono un sapore paleontologico rustico e minerale, con un cuore morbido e un’esterno croccante. Il gusto è interessante e bello, come un canyon scavato dal tempo, con un equilibrio tra sapidità e dolcezza del tubero che rimanda a strati rocciosi. Sono pensate per durare al palato e per dare una sensazione di terra antica e sostanziosa.","",5.60,"Late Cretaceous","canyon-potato-wedges","2026-06-10 21:11:05","2026-06-10 21:11:05"),(19,"Jurassic Coleslaw Cup","Una freschezza paleontologica croccante e naturale, con verdure luminose e un condimento che richiama clima primordiale. Il risultato è bello, leggero e sorprendentemente armonico, con una nota acidula che bilancia perfettamente la croccantezza vegetale. È una componente studiata per offire un contrasto vivo e pulito, capace di aggiungere energia e carattere a ogni piatto.","",6.15,"Late Cretaceous","jurassic-coleslaw-cup","2026-06-10 21:11:05","2026-06-10 21:11:05"),(20,"Cretaceous Corn Bites","Un sapore paleontologico dolce e terroso, con una texture morbida che richiama grani antichi. Questo contorno è interessante per la sua dolcezza naturale e il profilo goloso, capace di portare al piatto una sensazione di campo arcaico. Le note di mais si ampliano in un finale avvolgente, rendendolo piacevole e originale insieme a un tocco di calore e tradizione.","",6.70,"Late Cretaceous","cretaceous-corn-bites","2026-06-10 21:11:05","2026-06-10 21:11:05"),(21,"Amber BBQ Sauce","Una salsa dal gusto paleontologico ambrato, con note caramellate e affumicate che sembrano intrappolare il tempo. Il sapore è bello e profondo, perfetto per arricchire ogni piatto, con una corposità bilanciata che non sovrasta ma amplifica la carne e i contorni. La complessità della salsa ricorda resine antiche e arie di bosco, regalando una sensazione calda e persistente.","",1.50,"Mesozoic Blend","amber-bbq-sauce","2026-06-10 21:11:05","2026-06-10 21:11:05"),(22,"Raptor Hot Sauce","Una salsa piccante con un profilo paleontologico feroce, capace di sprigionare un calore deciso e un’irresistibile profondità. Il sapore è interessante e bello per chi vuole una scossa audace, con note speziate che si sviluppano lentamente e una componente affumicata che ricorda incendi antichi. È una salsa concepita per chi cerca intensità e carattere in ogni assaggio.","",2.05,"Mesozoic Blend","raptor-hot-sauce","2026-06-10 21:11:05","2026-06-10 21:11:05"),(23,"Fossil Mayo Sauce","Una crema dal sapore paleontologico morbido e vellutato, con un retrogusto delicato che ricorda fossili avvolti in crema. È bella e avvolgente, ideale per bilanciare sapori intensi, con una consistenza setosa che ne fa un accompagnamento versatile. La salsa regala una sensazione di terra umida e roccia soffice, perfetta per smorzare note forti e conferire un tocco familiare.","",2.60,"Mesozoic Blend","fossil-mayo-sauce","2026-06-10 21:11:05","2026-06-10 21:11:05"),(24,"Smoky Tar Sauce","Una salsa dal gusto paleontologico affumicato e robusto, con una nota tar-like che aggiunge profondità e un richiamo arcaico. Il profilo è bello e deciso, un tocco antico per i tuoi piatti, con una persistenza lunga e un contrasto tra dolce e affumicato che rimane al palato. È studiata per chi cerca un sapore audace e ricco, con una trama gustativa complessa.","",3.15,"Mesozoic Blend","smoky-tar-sauce","2026-06-10 21:11:05","2026-06-10 21:11:05"),(25,"Meteor Honey Mustard","Un sapore paleontologico dolce-piccante, con un miele antico che incrocia la spinta vivace della mostarda e un finale leggermente speziato. Il risultato è bello e interessante, con un contrasto che rimane nel palato e una texture setosa che lega gli ingredienti. Questa salsa è perfetta per chi desidera una nota dolce e avventurosa, con un retrogusto lungo e armonico.","",3.70,"Mesozoic Blend","meteor-honey-mustard","2026-06-10 21:11:05","2026-06-10 21:11:05"),(26,"Glacier Cola","Una bevanda dal profilo paleontologico fresco e frizzante, con una dolcezza nitida e una nota minerale come ghiacciai eterni. Il sapore è bello e sorprendente, ideale per rinfrescare l’esperienza e per creare un contrasto leggero con i piatti più intensi. È pensata per evocare aria pura e paesaggi antichi, con un finale pulito che lascia la bocca dissetata e pronta per il morso successivo.","",3.20,"Quaternary Service","glacier-cola","2026-06-10 21:11:05","2026-06-10 21:11:05"),(27,"Jurassic Lemon Soda","Una soda dal gusto paleontologico agrumato e brillante, con una carica di limone che ricorda aria primordiale. È bella e leggera, perfetta per accompagnare sapori intensi, e si comporta come un contrappunto acidulo che pulisce il palato. Questa bevanda sa di spazio aperto e vegetazione antica, con una scintilla frizzante che mette in evidenza il carattere del pasto.","",3.75,"Quaternary Service","jurassic-lemon-soda","2026-06-10 21:11:05","2026-06-10 21:11:05"),(28,"Triassic Mango Shake","Un sapore paleontologico tropicale e vellutato, con mango maturo che richiama frutti antichi e climi lussureggianti. Il risultato è bello e ricco, perfetto per una pausa dolce, con una cremosità intensa che avvolge il palato. Questa bevanda è pensata per trasportare chi la prova in una giungla primordiale, dove il dolce si fonde con un’energia calda e sensuale.","",4.30,"Quaternary Service","triassic-mango-shake","2026-06-10 21:11:05","2026-06-10 21:11:05"),(29,"Bronto Vanilla Milk","Una bevanda dal gusto paleontologico cremoso e avvolgente, con vaniglia calda che sa di erbe dolci antiche. È bella e rassicurante, ideale per chi ama le note morbide, con una corpulenza che nutre e calma il palato. Questo drink parla di comfort giurassico e di tradizione antica, con un equilibrio sottile tra dolcezza e morbidezza che resta piacevole.","",4.85,"Quaternary Service","bronto-vanilla-milk","2026-06-10 21:11:05","2026-06-10 21:11:05"),(30,"Cretaceous Iced Tea","Un tè freddo dal profilo paleontologico erbaceo e fresco, con una leggera acidità che richiama campi di erbe selvatiche. Il sapore è bello e pulito, perfetto per una pausa dissetante e per accompagnare piatti saporiti. È pensato per evocare una brezza primordiale tra piante antiche, con una freschezza lunga e una delicatezza che non copre ma sostiene l’intero pasto.","",5.40,"Quaternary Service","cretaceous-iced-tea","2026-06-10 21:11:05","2026-06-10 21:11:05"),(31,"Fossil Cookie Pie","Un dolce dal sapore paleontologico burroso e caramellato, con una morbidezza che ricorda le pietre antiche. È bello e avvolgente, ideale per chi cerca un finale goloso, con una componente croccante che si intreccia a un cuore dolce e avvolgente. Ogni morso è un invito a esplorare strati di dolcezza fragrante e a ritrovare un’atmosfera ricca di antichi racconti gastronomici.","",4.90,"Sweet Cretaceous","fossil-cookie-pie","2026-06-10 21:11:05","2026-06-10 21:11:05"),(32,"Meteor Choco Sundae","Un dessert dal gusto paleontologico cioccolatoso e profondo, con una dolcezza intensa che richiama meteoriti di cacao. Il profilo è bello e ricco, perfetto per una pausa golosa, con una consistenza cremosa che si intreccia a scaglie di cioccolato e a un finale leggermente tostato. È un’esperienza da esplorare lentamente, capace di evocare l’energia di un impatto cosmico trasformato in dolcezza.","",5.45,"Sweet Cretaceous","meteor-choco-sundae","2026-06-10 21:11:05","2026-06-10 21:11:05"),(33,"Amber Caramel Muffin","Un muffin dal sapore paleontologico dorato e caramellato, con sentori di ambra dolce e una texture soffice. È bello e appagante, ideale per un momento di piacere, con un retrogusto di zucchero bruciato e una dolcezza bilanciata che richiama foreste di resina antica. Questo dessert è pensato per chi desidera un finale avvolgente, caldo e confortevole.","",6.00,"Sweet Cretaceous","amber-caramel-muffin","2026-06-10 21:11:05","2026-06-10 21:11:05"),(34,"Jurassic Brownie Bite","Un morso dal sapore paleontologico intenso e cioccolatoso, con una consistenza densa che ricorda lava solidificata. È bello e deciso, perfetto per gli amanti del cioccolato profondo, con un cuore umido che rilascia aromi tostati e una dolcezza intensa. Questo piccolo dessert ha carattere e personalità, capace di chiudere il pasto con un impatto caldo e seducente.","",6.55,"Sweet Cretaceous","jurassic-brownie-bite","2026-06-10 21:11:05","2026-06-10 21:11:05"),(35,"Veloci Cream Cup","Una coppetta dal gusto paleontologico cremoso e delicato, con un equilibrio gentile tra dolcezza e freschezza. Il profilo è bello e morbido, ottimo per chi cerca un finale leggero, con una texture vellutata che si scioglie e lascia una traccia di note floreali e vanigliate. Questo dessert è un piccolo interludio raffinato, capace di portare una sensazione di leggerezza antica e sofisticata.","",7.10,"Sweet Cretaceous","veloci-cream-cup","2026-06-10 21:11:05","2026-06-10 21:11:05"),(36,"Predator Combo Menu","Un menu dal profilo paleontologico vario e completo, con sapori che insieme evocano una caccia antica. Ogni elemento è bello e interessante, studiato per offrire un’esperienza gustativa avventurosa, con contrasti di intensità e texture che si susseguono come tappe di un viaggio nella natura primordiale. È pensato per chi desidera un pasto dinamico e potente, capace di raccontare territori perduti.","",12.90,"Service Era","predator-combo-menu","2026-06-10 21:11:05","2026-06-10 21:11:05"),(37,"Volcano Family Menu","Un menu dal gusto paleontologico caldo e accogliente, ricco di aromi che ricordano strati di lava e spezie antiche. È bello e conviviale, perfetto per condividere un pasto intenso, con sapori avvolgenti e un ritmo gustativo pensato per soddisfare tutti. Questo menu è costruito come un vulcano di sapori, con una progressione intensa che regala conforto e un senso di rituale primordiale.","",13.45,"Service Era","volcano-family-menu","2026-06-10 21:11:05","2026-06-10 21:11:05"),(38,"Explorer Lunch Menu","Un menu dal carattere paleontologico fresco e avventuroso, costruito per esplorare sapori diversi con equilibrio. È bello e sorprendente, ideale per una pausa con spirito da esploratore, con piatti che si rincorrono tra note saline, erbacee e aromatiche. Il risultato è una progressione elegante e dinamica, pensata per chi vuole scoprire un percorso gustativo intrigante senza rinunciare all’armonia.","",14.00,"Service Era","explorer-lunch-menu","2026-06-10 21:11:05","2026-06-10 21:11:05"),(39,"Campfire Dinner Menu","Un menu dal profilo paleontologico rustico e fumé, con aromi che rimandano a un falò nella notte giurassica. È bello e interessante, pensato per chi ama la convivialità antica, con dettagli aromatici che evocano legni bruciati e carne affumicata. Ogni piatto è costruito per creare un’esperienza calda e avvolgente, come una cena condivisa sotto il cielo di un’era perduta.","",14.55,"Service Era","campfire-dinner-menu","2026-06-10 21:11:05","2026-06-10 21:11:05"),(40,"Jurassic Value Menu","Un menu dal sapore paleontologico solido e piacevole, con elementi ben bilanciati e un carattere autentico. È bello nella sua semplicità, con un gusto che rimane accessibile ma ricco, offrendo una sequenza gustativa coerente e soddisfacente. Questo menu è pensato per chi vuole un pasto completo e rassicurante, con un tocco di antica avventura nascosto dietro ogni portata.","",15.10,"Service Era","jurassic-value-menu","2026-06-10 21:11:05","2026-06-10 21:11:05");
/*!40000 ALTER TABLE `products` ENABLE KEYS */;
UNLOCK TABLES;

--
-- Table structure for table `reviews`
--

DROP TABLE IF EXISTS `reviews`;
/*!40101 SET @saved_cs_client     = @@character_set_client */;
/*!50503 SET character_set_client = utf8mb4 */;
CREATE TABLE `reviews` (
  `id` bigint unsigned NOT NULL AUTO_INCREMENT,
  `product_id` bigint unsigned DEFAULT NULL,
  `slug` varchar(255) NOT NULL,
  `title` varchar(255) NOT NULL,
  `description` text,
  `vote` tinyint unsigned NOT NULL,
  `likes` bigint NOT NULL DEFAULT 0,
  `created_at` timestamp NOT NULL DEFAULT CURRENT_TIMESTAMP,
  `updated_at` timestamp NOT NULL DEFAULT CURRENT_TIMESTAMP ON UPDATE CURRENT_TIMESTAMP,
  PRIMARY KEY (`id`),
  UNIQUE KEY `reviews_slug_unique` (`slug`),
  KEY `reviews_product_id_index` (`product_id`),
  CONSTRAINT `reviews_product_id_foreign` FOREIGN KEY (`product_id`) REFERENCES `products` (`id`) ON DELETE SET NULL
) ENGINE=InnoDB AUTO_INCREMENT=41 DEFAULT CHARSET=utf8mb4 COLLATE=utf8mb4_0900_ai_ci;
/*!40101 SET character_set_client = @saved_cs_client */;

--
-- Dumping data for table `reviews`
--

LOCK TABLES `reviews` WRITE;
/*!40000 ALTER TABLE `reviews` DISABLE KEYS */;
INSERT INTO `reviews` VALUES (1,1,"un-esperienza-preistorica-indimenticabile","Un\'esperienza preistorica indimenticabile","Il T-Rex Prime Burger è semplicemente straordinario. La carne ha un sapore profondo e autentico che ricorda veramente i dinosauri preistorici. Ogni morso è un viaggio nel tempo.",5,0,"2026-06-10 21:11:05","2026-06-10 21:11:05"),(2,2,"veloce-come-un-raptor","Veloce come un Raptor","Il Raptor Double Smash non mi ha deluso. La texture a doppio strato e il gusto intenso affumicato lo rendono un must. Incredibilmente soddisfacente.",5,0,"2026-06-10 21:11:05","2026-06-10 21:11:05"),(3,3,"croccantezza-perfetta","Croccantezza perfetta","Lo Stego Crunch Burger vive al suo nome. La croccantezza del bordo combinata con la succosità del centro è un\'armonia di contrasti. Davvero bello!",4,0,"2026-06-10 21:11:05","2026-06-10 21:11:05"),(4,4,"monumentale-come-un-bronto","Monumentale come un Bronto","Il Bronto Tower Burger è mastodontico nel migliore dei modi. Una carne sanguigna e intensa che mantiene il carattere primordiale fino all\'ultimo morso.",5,0,"2026-06-10 21:11:05","2026-06-10 21:11:05"),(5,5,"un-classico-reinventato","Un classico reinventato","Il Cretaceous Classic Burger rappresenta eleganza e robustezza. Il profilo gustativo è sofisticato pur mantenendo l\'autenticità di un burger giurassico.",4,0,"2026-06-10 21:11:05","2026-06-10 21:11:05"),(6,6,"snack-addictive-e-croccanti","Snack addictive e croccanti","Le Raptor Crispy Bites sono perfette per uno snack veloce. Croccanti, sapide e leggermente speziate. Non riesco a smettere di mangiarle!",4,0,"2026-06-10 21:11:05","2026-06-10 21:11:05"),(7,7,"nostalgici-e-deliziosi","Nostalgici e deliziosi","I Triassic Chicken Nuggets ricordano i classici della mia infanzia ma con un twist paleontologico. Morbidi dentro, croccanti fuori, semplicemente perfetti.",4,0,"2026-06-10 21:11:05","2026-06-10 21:11:05"),(8,8,"mini-bocconi-di-piacere","Mini bocconi di piacere","I Compsognathus Mini Bites hanno un sapore delicato e armonico. Perfetti per chi vuole assaggiare senza appesantirsi. Una scelta intelligente.",4,0,"2026-06-10 21:11:05","2026-06-10 21:11:05"),(9,9,"un-esplosione-di-sapori","Un\'esplosione di sapori","Le Meteor Pop Bites sono sorprendenti e affascinanti. Ogni pezzo offre una sequenza di aromi che si sviluppano lentamente. Interessante e avvolgente.",5,0,"2026-06-10 21:11:05","2026-06-10 21:11:05"),(10,10,"pepate-e-selvagge","Pepate e selvagge","Le Jurassic Pepper Bites hanno il pepe giusto, non troppo, non troppo poco. Il finale intenso e profondo le rende memorabili. Ottimo snack serale!",4,0,"2026-06-10 21:11:05","2026-06-10 21:11:05"),(11,11,"fresco-come-una-brezza-giurassica","Fresco come una brezza giurassica","Il Ptero Fresh Wrap è una vera boccata d\'aria. Le verdure sono fresche e il condimento cremoso equilibra tutto perfettamente. Leggero ma profondo.",4,0,"2026-06-10 21:11:05","2026-06-10 21:11:05"),(12,12,"affumicato-e-terroso","Affumicato e terroso","Il Savanna Smoke Wrap mi ha sorpreso con la sua complessità. L\'affumicatura si intreccia perfettamente con il fondo erbaceo. Davvero intrigante.",5,0,"2026-06-10 21:11:05","2026-06-10 21:11:05"),(13,13,"ranch-preistorico","Ranch preistorico","Il Fossil Ranch Wrap è ricco e cremoso come promesso. L\'equilibrio tra affumicato, verde e dolcezza è impeccabile. Un wrap completo e soddisfacente.",4,0,"2026-06-10 21:11:05","2026-06-10 21:11:05"),(14,14,"intenso-e-memorabile","Intenso e memorabile","Il Volcanic Spicy Wrap è per chi ama il calore. La spezia arriva forte ma non copre gli altri sapori. Un\'esperienza vulcanica autenticamente riuscita.",5,0,"2026-06-10 21:11:05","2026-06-10 21:11:05"),(15,15,"equilibrato-e-raffinato","Equilibrato e raffinato","L\'Herbivore Balance Wrap dimostra che la rinuncia alla carne non significa sacrificare il sapore. Naturale, armonioso e sorprendentemente profondo.",4,0,"2026-06-10 21:11:05","2026-06-10 21:11:05"),(16,16,"patatine-incandescenti","Patatine incandescenti","Le Lava Fries hanno quella croccantezza calda e quel retrogusto fumé che le rende speciali. Un contorno che non passa inosservato. Fantastico!",5,0,"2026-06-10 21:11:05","2026-06-10 21:11:05"),(17,17,"anelli-di-oro-paleontologico","Anelli di oro paleontologico","I Dino Onion Rings sono il perfetto equilibrio tra croccante e morbido. La nota affumicata richiama una foresta antica in modo suggestivo. Eccellenti.",4,0,"2026-06-10 21:11:05","2026-06-10 21:11:05"),(18,18,"rustico-e-mineralizzato","Rustico e mineralizzato","Le Canyon Potato Wedges hanno un carattere rustico che mi piace. Il cuore morbido e l\'esterno croccante creano un contrasto perfetto. Sostanzioso!",4,0,"2026-06-10 21:11:05","2026-06-10 21:11:05"),(19,19,"freschezza-primordiale","Freschezza primordiale","La Jurassic Coleslaw Cup è fresca e croccante. L\'acidulo bilancia bene la croccantezza vegetale. Un contorno che pulisce il palato in modo elegante.",4,0,"2026-06-10 21:11:05","2026-06-10 21:11:05"),(20,20,"dolcezza-naturale-di-un-era-lontana","Dolcezza naturale di un\'era lontana","Le Cretaceous Corn Bites hanno una dolcezza naturale affascinante. Il profilo goloso si amplifica in un finale avvolgente. Originale e piacevole.",4,0,"2026-06-10 21:11:05","2026-06-10 21:11:05"),(21,21,"ambrata-e-affumicata","Ambrata e affumicata","L\'Amber BBQ Sauce è semplicemente perfetta. Le note caramellate e affumicate non sovrrastano ma amplificano ogni piatto. Una salsa essenziale.",5,0,"2026-06-10 21:11:05","2026-06-10 21:11:05"),(22,22,"piccante-ed-audace","Piccante ed audace","La Raptor Hot Sauce è feroce in modo buono. Il calore si sviluppa lentamente e l\'affumicatura aggiunge profondità. Per chi ama l\'intensità!",5,0,"2026-06-10 21:11:05","2026-06-10 21:11:05"),(23,23,"cremosa-e-versatile","Cremosa e versatile","La Fossil Mayo Sauce è vellutata e delicata. Perfetta per bilanciare sapori intensi. Una salsa che sembra ricordare fossili avvolti in crema.",4,0,"2026-06-10 21:11:05","2026-06-10 21:11:05"),(24,24,"affumicata-come-la-preistoria","Affumicata come la preistoria","La Smoky Tar Sauce è robusta e complessa. L\'elemento tar aggiunge profondità e arcaismo. Per chi vuole un sapore audace e ricco.",4,0,"2026-06-10 21:11:05","2026-06-10 21:11:05"),(25,25,"dolce-piccante-equilibrato","Dolce-piccante equilibrato","Il Meteor Honey Mustard è bellissimo. Il contrasto miele-mostarda è ben calibrato e il finale leggermente speziato completa perfettamente.",5,0,"2026-06-10 21:11:05","2026-06-10 21:11:05"),(26,26,"freschezza-dissetante","Freschezza dissetante","La Glacier Cola è fresca e frizzante con quella nota minerale particolare. Perfetta per accompagnare piatti intensi senza appesantire.",4,0,"2026-06-10 21:11:05","2026-06-10 21:11:05"),(27,27,"agrume-brillante","Agrume brillante","La Jurassic Lemon Soda è brillante e leggera. Un contrappunto acidulo che pulisce il palato tra i morsi. Esattamente quello che serve!",4,0,"2026-06-10 21:11:05","2026-06-10 21:11:05"),(28,28,"tropicale-e-vellutato","Tropicale e vellutato","Il Triassic Mango Shake è cremoso e ricco. Il mango maturo richiama frutti antichi e climi lussureggianti. Perfetto per una pausa dolce.",5,0,"2026-06-10 21:11:05","2026-06-10 21:11:05"),(29,29,"conforto-cremoso","Conforto cremoso","Il Bronto Vanilla Milk è avvolgente e rassicurante. La vaniglia calda ha un sapore di erbe dolci antiche. Perfetto per addolcire il pomeriggio.",4,0,"2026-06-10 21:11:05","2026-06-10 21:11:05"),(30,30,"erbaceo-e-dissetante","Erbaceo e dissetante","Il Cretaceous Iced Tea è fresco e pulito. L\'erba selvatica si sente bene e l\'acidità è delicata. Un tè freddo che sa di primordiale.",4,0,"2026-06-10 21:11:05","2026-06-10 21:11:05"),(31,31,"burroso-e-caramellato","Burroso e caramellato","Il Fossil Cookie Pie è avvolgente e fragrante. La componente croccante si intreccia perfettamente con un cuore dolce. Antichi racconti gastronomici.",5,0,"2026-06-10 21:11:05","2026-06-10 21:11:05"),(32,32,"cioccolato-profondo","Cioccolato profondo","Il Meteor Choco Sundae è ricco e intenso. Le scaglie di cioccolato e il finale leggermente tostato lo rendono memorabile. Un\'esperienza cosmica!",5,0,"2026-06-10 21:11:05","2026-06-10 21:11:05"),(33,33,"dorato-e-caramellato","Dorato e caramellato","L\'Amber Caramel Muffin è soffice e dorato. La dolcezza è bilanciata e il retrogusto di zucchero bruciato la rende speciale. Comfort food!",4,0,"2026-06-10 21:11:05","2026-06-10 21:11:05"),(34,34,"intenso-e-umido","Intenso e umido","Il Jurassic Brownie Bite è cioccolatoso e deciso. La densità ricorda lava solidificata e il cuore umido rilascia aromi tostati. Bellissimo!",5,0,"2026-06-10 21:11:05","2026-06-10 21:11:05"),(35,35,"cremoso-e-delicato","Cremoso e delicato","La Veloci Cream Cup è morbida e raffinata. L\'equilibrio gentile tra dolcezza e freschezza la rende perfetta. Un piccolo interludio elegante.",4,0,"2026-06-10 21:11:05","2026-06-10 21:11:05"),(36,36,"menu-avventuroso","Menu avventuroso","Il Predator Combo Menu è vario e completo. Ogni elemento raconta una storia e i contrasti di intensità sono ben calibrati. Un\'avventura culinaria!",5,0,"2026-06-10 21:11:05","2026-06-10 21:11:05"),(37,37,"caldo-e-accogliente","Caldo e accogliente","Il Volcano Family Menu è ricco di aromi e conviviale. La progressione di sapori è intensa ma bilanciata. Perfetto per condividere!",4,0,"2026-06-10 21:11:05","2026-06-10 21:11:05"),(38,38,"fresco-e-sorprendente","Fresco e sorprendente","L\'Explorer Lunch Menu è elegante e dinamico. Ogni piatto si rincorre con equilibrio tra note saline, erbacee e aromatiche. Un percorso intrigante!",5,0,"2026-06-10 21:11:05","2026-06-10 21:11:05"),(39,39,"rustico-e-fume","Rustico e fumé","Il Campfire Dinner Menu evoca un falò nella notte giurassica. Gli aromi di legno bruciato e carne affumicata creano un\'atmosfera autenticamente antica.",5,0,"2026-06-10 21:11:05","2026-06-10 21:11:05"),(40,40,"solido-e-accessibile","Solido e accessibile","Il Jurassic Value Menu è ben bilanciato e autentico. Offre una sequenza gustativa coerente e soddisfacente a un prezzo accessibile. Ottima scelta!",4,0,"2026-06-10 21:11:05","2026-06-10 21:11:05");
/*!40000 ALTER TABLE `reviews` ENABLE KEYS */;
UNLOCK TABLES;
/*!40103 SET TIME_ZONE=@OLD_TIME_ZONE */;

/*!40101 SET SQL_MODE=@OLD_SQL_MODE */;
/*!40014 SET FOREIGN_KEY_CHECKS=@OLD_FOREIGN_KEY_CHECKS */;
/*!40014 SET UNIQUE_CHECKS=@OLD_UNIQUE_CHECKS */;
/*!40101 SET CHARACTER_SET_CLIENT=@OLD_CHARACTER_SET_CLIENT */;
/*!40101 SET CHARACTER_SET_RESULTS=@OLD_CHARACTER_SET_RESULTS */;
/*!40101 SET COLLATION_CONNECTION=@OLD_COLLATION_CONNECTION */;
/*!40111 SET SQL_NOTES=@OLD_SQL_NOTES */;

-- Dump completed on 2026-06-10 23:12:14
